{
	"productId": 1,
	"title": "iPhone",
	"quantity": 300
}
{
	"productId": 2,
	"title": "XBOX One",
	"quantity": 50
}
{
	"productId": 3,
	"title": "Android",
	"quantity": 950
}
{
	"productId": 4,
	"title": "PS4",
	"quantity": 120
}
{
	"productId": 5,
	"title": "iPhone",
	"quantity": 250
}
{
	"productId": 6,
	"title": "Android",
	"quantity": 800
}
{
	"productId": 7,
	"title": "iPhone",
	"quantity": 900
}
{
	"productId": 8,
	"title": "XBOX One",
	"quantity": 240
}
{
	"productId": 9,
	"title": "PS4",
	"quantity": 350
}
{
	"productId": 10,
	"title": "Nintendo",
	"quantity": 500
}