{
  "books": [
    {
      "id": 0,
      "isbn": "123",
      "title": "Dune",
      "price": 12.95
    },
    {
      "id": 1,
      "isbn": "456",
      "title": "The Stranger on the Train",
      "price": 11
    },
    {
      "id": 2,
      "isbn": "789",
      "title": "War and Peacesss",
      "price": 8.95
    },
    {
      "isbn": "321",
      "title": "Catszz",
      "price": "10",
      "id": 3
    },
    {
      "isbn": "593",
      "title": "Pizza TIme",
      "price": "3.95",
      "id": 4
    }
  ]
}